Category,Question,Answer,Source_URL,Source_Type
Undergraduate Admissions,How do I apply for GIKI undergraduate admissions?,"Apply through the GIKI Admissions Portal at https://admissions.giki.edu.pk. For the best experience, it is recommended to apply using a web browser on a computer.",https://giki.edu.pk/admissions/admissions-undergraduates/faqs/,Official FAQ
Undergraduate Admissions,How can I apply for scholarships and financial assistance?,"You can opt for financial assistance directly in the online application form, where you must provide additional supporting information. Applying for financial assistance automatically considers you for most scholarships offered at GIK Institute, subject to each scholarship's own terms and conditions.",https://giki.edu.pk/admissions/admissions-undergraduates/faqs/,Official FAQ
Undergraduate Admissions,My parent/guardian has no income or salary proof - what should I do?,You can submit an income certificate issued by the District Revenue Office or the Deputy Commissioner on a stamp paper in place of a salary/income proof.,https://giki.edu.pk/admissions/admissions-undergraduates/faqs/,Official FAQ
Undergraduate Admissions,How do I apply for other scholarships mentioned on the GIKI website and social media?,"By applying for financial assistance in the admission form, you are automatically considered for most of the scholarships offered at GIK Institute according to each scholarship's terms and conditions.",https://giki.edu.pk/admissions/admissions-undergraduates/faqs/,Official FAQ
Undergraduate Admissions,I am in second year and my results will be announced after the admission test - can I still apply?,Yes. Candidates who meet the eligibility criteria but are awaiting results may apply for provisional admission. Confirmation of admission is subject to submission of results by the date specified in the offer letter and fulfillment of the eligibility criteria.,https://giki.edu.pk/admissions/admissions-undergraduates/faqs/,Official FAQ
Undergraduate Admissions,I am an ICS student - can I apply for Engineering programs?,"Yes, ICS students can apply for all programs including Engineering. For Engineering programs, HSSC (ICS: Mathematics, Physics and Computer Studies/Science/IT) with 60% or above marks each in Mathematics, Physics and Overall is required. For Computing programs, HSSC with Mathematics, Physics and any other subject as the third elective is required, with 60% or above each in Mathematics, Physics and Overall. For Management Sciences, HSSC (Pre-Engg, General Science, ICS, Pre-Medical or Humanities) with at least 60% overall marks is required.",https://giki.edu.pk/admissions/admissions-undergraduates/faqs/,Official FAQ
Undergraduate Admissions,Can FSc Pre-Medical students apply for Engineering or Computing programs?,"Pre-medical students are eligible for BS Management Sciences without additional Mathematics. For all other (Engineering/Computing) programs, additional Mathematics is required.",https://giki.edu.pk/admissions/admissions-undergraduates/faqs/,Official FAQ
Undergraduate Admissions,What is the location of GIKI?,"GIKI is located near Tarbela Dam in Khyber Pakhtunkhwa, about a 1.5-hour drive from Islamabad.",https://giki.edu.pk/admissions/admissions-undergraduates/faqs/,Official FAQ
Undergraduate Admissions,I am having an issue with the admissions portal or my application - what should I do?,Log into your profile on the GIK Admissions Portal and submit a support ticket for corrections to your application; a representative will respond on high priority. You can also email details of the issue to ugadmissions@giki.edu.pk.,https://giki.edu.pk/admissions/admissions-undergraduates/faqs/,Official FAQ
Undergraduate Admissions,How can I transfer to GIKI from another university?,"A student enrolled in a relevant Bachelor's engineering program at an accredited (PEC/HEC) institution, who has earned 15 or more transferable credits with a minimum CGPA of 2.5 (on a 4.0 scale), may apply for admission with advanced standing. The student must still earn a minimum of 70 credits at GIKI, including 6 credits of senior design project. The applicant must have passed the Institute's admission test (or SAT-II for foreign applicants) with marks at or above the minimum merit of the faculty applied to. Acceptance depends on seat availability and the quality of prior academic work. Contact the Admission Office for the application form and further details.",https://giki.edu.pk/admissions/admissions-undergraduates/faqs/,Official FAQ
Undergraduate Admissions,Where can I find complete GIKI undergraduate admissions information?,"Complete undergraduate admissions information, including important dates, fees, syllabus, scholarships, the application portal, and the transfer policy, is available on the GIKI website's admissions section (giki.edu.pk/bs-info, /dates, /fees, /syllabus, /aid, /apply, and /transfer).",https://giki.edu.pk/admissions/admissions-undergraduates/faqs/,Official FAQ
Graduate Admissions (MS/PhD),When are graduate admissions announced?,Graduate admissions are announced twice a year - for the Fall semester (May-June) and the Spring semester (October-November). Exact dates are posted on the GIKI website.,https://giki.edu.pk/frequently-asked-questions-2/,Official FAQ
Graduate Admissions (MS/PhD),How can I apply for MS or PhD admission?,"Applications must be submitted online through the GIKI Admission Portal, and a printed copy of the admission form along with required documents must also be sent to the Institute.",https://giki.edu.pk/frequently-asked-questions-2/,Official FAQ
Graduate Admissions (MS/PhD),Is it mandatory to send the printed admission form and supporting documents?,Yes. It is mandatory to send the printed admission form along with all required supporting documents to the Graduate Admissions Office before the deadline.,https://giki.edu.pk/frequently-asked-questions-2/,Official FAQ
Graduate Admissions (MS/PhD),What format should be used for the Letter of Recommendation?,"The prescribed GIKI format available on the admissions webpage should be used. However, a recommendation in another format already available will also be accepted.",https://giki.edu.pk/frequently-asked-questions-2/,Official FAQ
Graduate Admissions (MS/PhD),Can students whose final semester result is still awaited apply for graduate admission?,"Yes. They may apply with a 7th semester transcript and a provisional certificate, but must submit the final degree and transcript at the time of admission.",https://giki.edu.pk/frequently-asked-questions-2/,Official FAQ
Graduate Admissions (MS/PhD),What is the eligibility criteria for MS admission?,"A four-year BS/BE (or equivalent) degree in the relevant discipline, with a total of 16 years of education, earned with the specified grades/CGPA.",https://giki.edu.pk/frequently-asked-questions-2/,Official FAQ
Graduate Admissions (MS/PhD),What are the eligibility criteria for PhD admission?,"A two-year MS/MPhil (or equivalent) degree in the relevant discipline, with a total of 18 years of education, earned with the specified grades/CGPA.",https://giki.edu.pk/frequently-asked-questions-2/,Official FAQ
Graduate Admissions (MS/PhD),"If both CGPA and percentage marks appear on the transcript, which is used for evaluation?","For semester system programs, the CGPA is considered; for annual system programs, percentage marks are used for evaluation.",https://giki.edu.pk/frequently-asked-questions-2/,Official FAQ
Graduate Admissions (MS/PhD),Can students from intra-disciplinary (related) programs apply for graduate admission?,"Yes, candidates from related disciplines may apply; however, they must also pass a subject-type test and complete deficiency courses at the concerned faculty.",https://giki.edu.pk/frequently-asked-questions-2/,Official FAQ
Graduate Admissions (MS/PhD),Does GIK Institute conduct its own graduate admission test?,"Yes, GIKI conducts a GRE General-type test for both MS and PhD admissions.",https://giki.edu.pk/frequently-asked-questions-2/,Official FAQ
Graduate Admissions (MS/PhD),What is the format of the GIKI graduate admission test?,The GIKI admission test follows a format similar to the GRE General-type test.,https://giki.edu.pk/frequently-asked-questions-2/,Official FAQ
Graduate Admissions (MS/PhD),Are candidates who already have a GRE or HAT score required to take the GIKI test?,No. Candidates who have already qualified the ETS-GRE (General) or HEC-HAT test are exempted from the GIKI admission test.,https://giki.edu.pk/frequently-asked-questions-2/,Official FAQ
Graduate Admissions (MS/PhD),Is the NTS GAT (General) test score acceptable for graduate admission at GIKI?,"No, the NTS GAT (General) test score is not acceptable for admission at the Institute.",https://giki.edu.pk/frequently-asked-questions-2/,Official FAQ
Graduate Admissions (MS/PhD),What is the passing score for MS and PhD admission tests?,"The minimum passing score in the GIKI Admission Test, GRE (General), or HEC HAT Test is 50% for MS admission and 60% for PhD admission.",https://giki.edu.pk/frequently-asked-questions-2/,Official FAQ
Graduate Admissions (MS/PhD),Do all graduate applicants need to appear for an interview?,"Yes, all shortlisted candidates who qualify on any of the required tests must appear for an interview.",https://giki.edu.pk/frequently-asked-questions-2/,Official FAQ
Graduate Admissions (MS/PhD),How is the graduate admission interview conducted?,"It is usually conducted online via Skype; however, in some cases candidates may be called for a physical (on-campus) interview.",https://giki.edu.pk/frequently-asked-questions-2/,Official FAQ
Graduate Admissions (MS/PhD),Is the GIKI Graduate Admission Test conducted at multiple centers?,"No, the test is conducted only at GIK Institute. Candidates who opt for the GIKI Admission Test must appear physically at GIK Institute for the test.",https://giki.edu.pk/frequently-asked-questions-2/,Official FAQ
Graduate Admissions (MS/PhD),Can I transfer credits from another institution into a graduate program?,"After securing admission, credit transfer from another HEC-recognized and PEC-accredited institution may be allowed subject to committee approval.",https://giki.edu.pk/frequently-asked-questions-2/,Official FAQ
Graduate Admissions (MS/PhD),What is the maximum number of graduate credits that can be transferred?,"Up to 9 credits for MS and 6 credits for PhD may be transferred, provided the courses have at least a grade B and fit within the program.",https://giki.edu.pk/frequently-asked-questions-2/,Official FAQ
Graduate Admissions (MS/PhD),Are Graduate Assistantships available in all disciplines?,"Yes, a limited number of Graduate Assistantships are available across all disciplines of the Institute.",https://giki.edu.pk/frequently-asked-questions-2/,Official FAQ
Graduate Admissions (MS/PhD),What is the selection criteria for the award of a Graduate Assistantship?,"Graduate Assistantships are awarded on merit, based on performance in the admission test, interview, and previous academic record.",https://giki.edu.pk/frequently-asked-questions-2/,Official FAQ
Graduate Admissions (MS/PhD),What financial benefits are provided under the Graduate Assistantship Scheme?,"Graduate Assistants receive free hostel accommodation, a monthly stipend (Rs. 20,000 for MS and Rs. 50,000 for PhD fellows under the base scheme), and exemption from tuition fees.",https://giki.edu.pk/frequently-asked-questions-2/,Official FAQ
Graduate Admissions (MS/PhD),Are there any charges payable at the time of graduate admission for Graduate Assistants?,"Yes, Graduate Assistants have to pay the admission fee and security deposit at the time of admission.",https://giki.edu.pk/frequently-asked-questions-2/,Official FAQ
Graduate Admissions (MS/PhD),What duties are assigned to Graduate Assistants?,Graduate Assistants assist the faculty in teaching and research activities for up to 20 hours per week. PhD fellows may also be assigned to teach course(s).,https://giki.edu.pk/frequently-asked-questions-2/,Official FAQ
Graduate Admissions (MS/PhD),Is there a service obligation for Graduate Assistants after completing their degree?,"Yes, upon successful completion of degree requirements, Graduate Assistants may be asked to serve GIK Institute, if required by the Institute.",https://giki.edu.pk/frequently-asked-questions-2/,Official FAQ
Graduate Admissions (MS/PhD),What type of service is required from MS and PhD fellows after degree completion?,"If required by the Institute, MS fellows must serve the Institute for two years and PhD fellows for five years in suitable positions, with full salary and benefits as per Institute rules.",https://giki.edu.pk/frequently-asked-questions-2/,Official FAQ
Graduate Admissions (MS/PhD),Can Graduate Assistants take up employment elsewhere during their assistantship?,"No, fellows are not allowed to engage in employment elsewhere during their assistantship or service period without prior approval from the Institute.",https://giki.edu.pk/frequently-asked-questions-2/,Official FAQ
Graduate Admissions (MS/PhD),Under what circumstances can a Graduate Assistant be expelled from the program?,"A fellow may be expelled for failing courses or not maintaining the required CGPA of 3.00, attendance below 75%, poor performance in courses or research, or engaging in activities detrimental to the Institute's reputation.",https://giki.edu.pk/frequently-asked-questions-2/,Official FAQ
Graduate Admissions (MS/PhD),What happens if an applicant applies for a Graduate Assistantship but is not selected?,"An applicant who applies for a Graduate Assistantship but is not selected due to limited positions, and who still qualifies for admission, is automatically considered under the Day Scholar scheme.",https://giki.edu.pk/frequently-asked-questions-2/,Official FAQ
Graduate Admissions (MS/PhD),Is on-campus accommodation available for graduate Day Scholars?,"No, on-campus accommodation is provided only to Graduate Assistants. Day Scholars must arrange their own residence off-campus.",https://giki.edu.pk/frequently-asked-questions-2/,Official FAQ
Graduate Admissions (MS/PhD),When are classes scheduled for graduate students?,"Graduate classes are held on weekdays, Monday through Friday.",https://giki.edu.pk/frequently-asked-questions-2/,Official FAQ
Graduate Admissions (MS/PhD),Why does the Institute retain original academic documents of graduate students?,To verify the authenticity of academic credentials and ensure compliance with admission policies.,https://giki.edu.pk/frequently-asked-questions-2/,Official FAQ
Graduate Admissions (MS/PhD),Which original documents does the Institute keep from graduate students?,Original degree certificates and transcripts submitted at the time of admission.,https://giki.edu.pk/frequently-asked-questions-2/,Official FAQ
Graduate Admissions (MS/PhD),How can a graduate student collect their original documents after completing their studies?,By submitting a completed clearance form from all concerned departments after fulfilling all degree requirements.,https://giki.edu.pk/frequently-asked-questions-2/,Official FAQ
Alumni,Can Zakat be used to pay tuition fees for eligible students at GIKI?,"Yes. GIKI Alumni Association confirmed with a Mufti and other scholars, and obtained a written Fatwa, that Zakat funds can be used to pay tuition for higher education at an elite institute such as GIKI, provided the student is eligible to receive Zakat.",https://giki.edu.pk/alumni-faqs/,Official FAQ
Alumni,How does GIKIAA verify that scholarship applicants are genuinely needy?,"Each applicant undergoes an interview (around 30 minutes on average) in addition to a review of their application and supporting documents, to confirm the genuineness of their need before sponsorship.",https://giki.edu.pk/alumni-faqs/,Official FAQ
Alumni,What is the selection criteria for alumni-sponsored scholarships (academic vs need-based)?,"The candidate must be an undergraduate student who has already completed the first year of education, and must demonstrate both academic achievement and financial need.",https://giki.edu.pk/alumni-faqs/,Official FAQ
Alumni,I am a senior in high school entering GIKI in the fall - can I apply for an alumni scholarship?,No. Incoming freshmen at GIKI cannot qualify for a scholarship through the Alumni Association until they are sophomores (second year) or above. Incoming freshmen are encouraged to check the official GIKI Scholarships page for other opportunities.,https://giki.edu.pk/alumni-faqs/,Official FAQ
Alumni,What is the approximate cost of sponsoring one student for a year through GIKIAA?,"Tuition is roughly Rs. 300,000-350,000 depending on the applicant's batch. Messing/monthly expenses are roughly Rs. 10,000 per month. A sponsor may cover tuition alone, or tuition plus monthly expenses (roughly Rs. 360,000-450,000 total per year).",https://giki.edu.pk/alumni-faqs/,Official FAQ
Alumni,Who is eligible to join the GIKI Alumni Association (GIKIAA)? Do I need to be a GIKI graduate?,"While most members are GIKI alumni, anyone interested in supporting the university and its membership benefits is welcome to join, regardless of background.",https://giki.edu.pk/alumni-faqs/,Official FAQ
Alumni,Is it possible for the GIKI Alumni Association to fund all needy applicants each year?,"The Association tracks the number of Zakat-eligible applicants each year (around 54 in one recent cycle) and asks alumni to sponsor individual students, noting that with thousands of graduates, finding enough sponsors - individually or with family/friends' support - is considered achievable.",https://giki.edu.pk/alumni-faqs/,Official FAQ
Engineering Sciences Program (Faculty of Basic Sciences),What is Engineering Sciences (ES) at GIK Institute?,"Engineering Sciences is a PEC-accredited multidisciplinary engineering program preparing students for modern fields such as Data Analytics, Smart Devices, Modern Instrumentation, and Communication Technologies. The first two years are similar to common engineering programs; from the third year, students choose courses according to their target career.",https://giki.edu.pk/fbs/frequently-asked-questions-es/,Official FAQ
Engineering Sciences Program (Faculty of Basic Sciences),What distinguishes the Engineering Sciences program from other engineering programs?,"ES allows students to choose their specialization direction after two years of common basic sciences, engineering, and computing courses. Students can then choose either the hardware side (sensors, systems - e.g. Photonics and Microelectronics) or the software/AI side (e.g. Simulation and Machine Learning) based on their developed interests.",https://giki.edu.pk/fbs/frequently-asked-questions-es/,Official FAQ
Engineering Sciences Program (Faculty of Basic Sciences),Is Engineering Sciences only suitable for students planning higher studies (MS/PhD)?,"No. While many GIKI graduates pursue higher studies, most graduates - including ES graduates - currently work in industry.",https://giki.edu.pk/fbs/frequently-asked-questions-es/,Official FAQ
Engineering Sciences Program (Faculty of Basic Sciences),Which local and international companies hire Engineering Sciences graduates?,"ES graduates find roles in Communications (Nokia, Ericsson, Huawei), Instrumentation & Control (Engro, Fatima, Dawlance), Renewable Energy (ReOn, Pantera, SkyElectric), AI/Software/Data Analytics (Afiniti, Systems, Tkxel, Motiv), Microelectronics/Embedded Systems (Microsoft, AMD), Engineering Management (Unilever, P&G, GSK, Reckitt), as well as international higher education and research/engineering positions abroad.",https://giki.edu.pk/fbs/frequently-asked-questions-es/,Official FAQ
Engineering Sciences Program (Faculty of Basic Sciences),Where are Engineering Sciences graduates currently working?,"Over the last twenty years, the ES program has produced 600+ graduates working across a variety of industrial, research, business, and academic ventures. As of a survey last updated May 2022 (50% response rate), 52% of ES graduates were working abroad, with the rest in Pakistan.",https://giki.edu.pk/fbs/frequently-asked-questions-es/,Official FAQ
Engineering Sciences Program (Faculty of Basic Sciences),In what job roles are Engineering Sciences graduates currently working?,"ES graduates show strong career growth across their chosen fields, with a range of current job titles reflected in Institute survey data (last updated May 2022, 50% response rate).",https://giki.edu.pk/fbs/frequently-asked-questions-es/,Official FAQ
Engineering Sciences Program (Faculty of Basic Sciences),Why is Engineering Sciences a separate program rather than part of Electrical or Computer Engineering?,"ES is built around flexibility in curriculum design so it can be updated for newly emerging, interdisciplinary engineering fields that do not fit strict conventional program boundaries - similar to models used at many Western universities. Its key feature is letting students choose their direction (hardware vs. software/AI) after two years of common foundational study.",https://giki.edu.pk/fbs/frequently-asked-questions-es/,Official FAQ
Undergraduate Eligibility Criteria,What is the basic eligibility for BS Engineering programs at GIKI?,"Candidates must meet one of: HSSC Pre-Engineering (Maths, Physics, Chemistry) with 60%+ each in Maths, Physics & Overall; HSSC ICS (Maths, Physics, Computer Studies/Science/IT) with 60%+ each; HSSC Pre-Medical with Additional Mathematics and 60%+ each; A-Level in Maths, Physics and Chemistry with D or above in Maths & Physics plus O-Level in the required subjects; American/Canadian High School Diploma or IB Diploma with Maths (Calculus), Physics and Chemistry at 60%+ per IBCC equivalence; or a 3-year DAE in a relevant technology with at least 60% each in Maths, Physics & Overall.",https://giki.edu.pk/admissions/admissions-undergraduates/eligibility-criteria/,Derived
Undergraduate Eligibility Criteria,"What is the eligibility criteria for AI, Computer Science, Cyber Security, Data Science, and Software Engineering programs?","HSSC with Mathematics, Physics, and any other subject as the third elective, with 60% or above marks each in Mathematics, Physics & Overall; or A-Level in Mathematics, Physics, and any other subject with D or above in Maths & Physics, plus the required O-Level subjects.",https://giki.edu.pk/admissions/admissions-undergraduates/eligibility-criteria/,Derived
Undergraduate Eligibility Criteria,What is the eligibility criteria for the BS Management Sciences program?,"HSSC (Pre-Engg, General Science, ICS, Pre-Medical, or Humanities) with at least 60% overall marks; or A-Level in three subjects with D or above in two principal subjects plus the required O-Level subjects with 60%+ overall per IBCC equivalence; or an American/Canadian High School Diploma or IB Diploma with 60%+ overall marks per IBCC equivalence.",https://giki.edu.pk/admissions/admissions-undergraduates/eligibility-criteria/,Derived
Undergraduate Eligibility Criteria,Do O-Level and A-Level qualifications need IBCC equivalence for GIKI admission?,"Yes, IBCC equivalence is required for all foreign qualifications, including O-Level and A-Level.",https://giki.edu.pk/admissions/admissions-undergraduates/eligibility-criteria/,Derived
Undergraduate Eligibility Criteria,How many O-Level subjects are required for local vs. international A-Level applicants?,"Local applicants need eight O-Level subjects (English, Mathematics, Physics, Chemistry, Biology/Computer Science, Urdu, Islamic Studies & Pakistan Studies); applicants from abroad need five subjects (English, Mathematics, Physics, Chemistry, Biology/Computer Science/IT).",https://giki.edu.pk/admissions/admissions-undergraduates/eligibility-criteria/,Derived
Undergraduate Eligibility Criteria,How is the undergraduate merit list calculated at GIKI?,"The comparative assessment weighs the Admission Test score at 85%, and the qualifying exam (SSC/equivalent, O-Level, or last completed qualification such as High School Diploma, IB Diploma, B.Sc., or DAE) at 15%.",https://giki.edu.pk/admissions/admissions-undergraduates/eligibility-criteria/,Derived
Undergraduate Eligibility Criteria,"Can a candidate with Maths, Physics and Chemistry apply to any GIKI engineering program?","Yes, an applicant with a Mathematics, Physics and Chemistry/Computer Studies background can apply for all engineering programs.",https://giki.edu.pk/admissions/admissions-undergraduates/eligibility-criteria/,Derived
Undergraduate Eligibility Criteria,Can I apply if I am still waiting for my qualifying exam results?,"Yes, candidates awaiting results for a completed qualification may apply for provisional admission; confirmation is subject to submitting results by the date in the offer letter and meeting the eligibility criteria.",https://giki.edu.pk/admissions/admissions-undergraduates/eligibility-criteria/,Derived
Undergraduate Eligibility Criteria,Is a Diploma of Associate Engineering (DAE) accepted for GIKI undergraduate admission?,"Yes, a three-year DAE in a relevant technology from a Pakistani Board of Technical Education, with at least 60% marks each in Mathematics, Physics & Overall, meets the basic eligibility for BS Engineering programs.",https://giki.edu.pk/admissions/admissions-undergraduates/eligibility-criteria/,Derived
Undergraduate Eligibility Criteria,What minimum grade is required in Mathematics and Physics for A-Level applicants?,A-Level applicants need a D grade or above in each of Mathematics and Physics (the required subjects vary slightly by program).,https://giki.edu.pk/admissions/admissions-undergraduates/eligibility-criteria/,Derived
"Fees, Expenses & Refund Policy",What is the semester/annual tuition and accommodation fee for new undergraduate students?,"For the 2025-26 freshmen intake: Engineering & Computing programs are Rs. 470,000 per semester (Rs. 940,000 per year); Management Sciences is Rs. 412,500 per semester (Rs. 825,000 per year). Fees are subject to annual revision.",https://giki.edu.pk/admissions/admissions-undergraduates/ugrad-fees-and-expenses/,Derived
"Fees, Expenses & Refund Policy",What is the annual tuition fee for foreign students at GIKI?,"The annual tuition fee for foreign students is US$ 5,000.",https://giki.edu.pk/admissions/admissions-undergraduates/ugrad-fees-and-expenses/,Derived
"Fees, Expenses & Refund Policy",Can the semester fee be paid in installments?,"No, the semester fee cannot be paid in installments; it must be paid before the commencement of the semester. However, a 5% administrative charge is waived if a student pays the full fee for two semesters in a lump sum.",https://giki.edu.pk/admissions/admissions-undergraduates/ugrad-fees-and-expenses/,Derived
"Fees, Expenses & Refund Policy",What other one-time charges apply at admission besides tuition?,"A non-refundable admission fee of Rs. 75,000 (Pakistani applicants) or US$ 680 (foreign applicants) is required at admission. Rs. 40,000 is charged as a refundable security deposit, Rs. 17,500 as a convocation fee for final-year students, and Rs. 15,000 as an advance mess security deposit.",https://giki.edu.pk/admissions/admissions-undergraduates/ugrad-fees-and-expenses/,Derived
"Fees, Expenses & Refund Policy",How can students pay their semester/annual fee at GIKI?,"Payments can be made over the counter at any HBL branch, via HBL Internet Banking/Mobile App (HBL network), or via 1-Bill Top-Up through any of the 1-Link member banks listed at 1link.net.pk/members.",https://giki.edu.pk/admissions/admissions-undergraduates/ugrad-fees-and-expenses/,Derived
"Fees, Expenses & Refund Policy",How does the 1-Bill Top-Up fee payment method work?,"Use the prescribed prefix plus your Student Registration Number as your unique bill/invoice number in your bank's online/mobile banking portal or at an ATM, select '1 Bill Top-Up', enter the amount from your fee voucher, then verify and confirm the transaction.",https://giki.edu.pk/admissions/admissions-undergraduates/ugrad-fees-and-expenses/,Derived
"Fees, Expenses & Refund Policy",What is GIKI's fee refund policy if a newly admitted student withdraws?,"Following the HEC Revised National Fee Refund Policy 2024: 100% refund up to the 10th day of classes, 80% up to the 15th day, 60% up to the 20th day, 50% up to the 30th day, and no refund from the 31st day onward.",https://giki.edu.pk/admissions/admissions-undergraduates/ugrad-fees-and-expenses/,Derived
"Fees, Expenses & Refund Policy",What happens to the tuition fee if an admitted applicant is later declared ineligible?,"If an applicant is rendered ineligible upon declaration of results, 100% of the tuition fee is refunded, provided the refund is applied for within 10 days of the result declaration along with proof of ineligibility.",https://giki.edu.pk/admissions/admissions-undergraduates/ugrad-fees-and-expenses/,Derived
"Fees, Expenses & Refund Policy",Does GIKI provide free electricity units to hostel residents?,Yes. Students in the hostels get 100 free units per month in summer and 70 free units per month in winter (same allowance for male and female students).,https://giki.edu.pk/admissions/admissions-undergraduates/ugrad-fees-and-expenses/,Derived
Undergraduate Scholarships & Financial Aid,What undergraduate scholarships are available at GIKI?,"GIKI offers/facilitates 16+ scholarship schemes for the 2025-26 intake, including CMEEF (KP), CM-Honhaar (Punjab), Descon Endowment Fund, DWP+PSSF, GIK Merit Scholarship, GIK Financial Assistance for Top Female, GIK Financial Assistance, GIK Alumni Association support, Habbah Trust, ICI Scholarship, Ihsan Trust Scholarship, KPEF, Lucky Cement Scholarship, PEEF, PEL Scholarship, and Sindh Scholarship - among others.",https://giki.edu.pk/admissions/admissions-undergraduates/scholarships-fa/,Derived
Undergraduate Scholarships & Financial Aid,Who is eligible for the Chief Minister Educational Endowment Fund (CMEEF) Scholarship?,"KP-domiciled students with an annual family income of less than Rs. 1,200,000; 4 seats are available, and it is fully funded.",https://giki.edu.pk/admissions/admissions-undergraduates/scholarships-fa/,Derived
Undergraduate Scholarships & Financial Aid,Who is eligible for the CM-Honhaar Scholarship (Government of Punjab)?,"Punjab-domiciled students with an annual family income of less than Rs. 500,000; 15 seats are available, and it is fully funded.",https://giki.edu.pk/admissions/admissions-undergraduates/scholarships-fa/,Derived
Undergraduate Scholarships & Financial Aid,What is the Descon Endowment Fund scholarship at GIKI?,"A fully funded scholarship (1 seat) for a student eligible for GIKI Financial Assistance from a rural area, applied for after admission (October/November).",https://giki.edu.pk/admissions/admissions-undergraduates/scholarships-fa/,Derived
Undergraduate Scholarships & Financial Aid,What is the DWP + PSSF scholarship at GIKI?,"A fully funded scholarship (10 seats) for KP-domiciled students with an annual family income of less than Rs. 840,000, applied for after getting admission.",https://giki.edu.pk/admissions/admissions-undergraduates/scholarships-fa/,Derived
Undergraduate Scholarships & Financial Aid,How does the GIK Merit Scholarship work?,"It is fully funded (20 seats) for the top 18 positions in the admission test for Engineering, and the top 2 positions for Management Sciences; awarded at the time of admission.",https://giki.edu.pk/admissions/admissions-undergraduates/scholarships-fa/,Derived
Undergraduate Scholarships & Financial Aid,Is there a scholarship specifically for top-performing female applicants?,"Yes, the GIK Financial Assistance for Top Female scholarship is fully funded (10 seats): top 7 female Engineering applicants and top 3 female Management applicants can apply at the time of admission.",https://giki.edu.pk/admissions/admissions-undergraduates/scholarships-fa/,Derived
Undergraduate Scholarships & Financial Aid,What is the GIK Financial Assistance scholarship (need-cum-merit)?,A fully or partially funded scholarship (40 seats) awarded on a need-cum-merit basis; applicants can apply at the time of admission.,https://giki.edu.pk/admissions/admissions-undergraduates/scholarships-fa/,Derived
Undergraduate Scholarships & Financial Aid,Does the GIK Alumni Association offer financial support to students?,"Yes, fully or partially funded support (30 seats) is available for needy students from second year onward, applied for after one year of admission.",https://giki.edu.pk/admissions/admissions-undergraduates/scholarships-fa/,Derived
Undergraduate Scholarships & Financial Aid,What is the Habbah Trust scholarship?,"A partially funded, need-based scholarship (4 seats), applied for at admission, after result announcement, and again after one year.",https://giki.edu.pk/admissions/admissions-undergraduates/scholarships-fa/,Derived
Undergraduate Scholarships & Financial Aid,What is the ICI Scholarship at GIKI?,"A fully funded scholarship (1 seat) for a top female student, applied for after admission.",https://giki.edu.pk/admissions/admissions-undergraduates/scholarships-fa/,Derived
Undergraduate Scholarships & Financial Aid,What does the Ihsan Trust Scholarship cover?,"A need-based scholarship (40 seats) that partially covers the tuition fee, applied for at admission, after result announcement, and again after one year.",https://giki.edu.pk/admissions/admissions-undergraduates/scholarships-fa/,Derived
Undergraduate Scholarships & Financial Aid,Who is eligible for the Khyber Pakhtunkhwa Education Foundation Scholarship (KPEF)?,"KP-domiciled students with an annual family income of less than Rs. 1,920,000; 2 seats, fully funded, applied for after getting admission.",https://giki.edu.pk/admissions/admissions-undergraduates/scholarships-fa/,Derived
Undergraduate Scholarships & Financial Aid,What is the Lucky Cement Scholarship at GIKI?,"A fully funded scholarship (1 seat) for Pakistani nationals, with preference given to KP domicile holders, applied for after admission.",https://giki.edu.pk/admissions/admissions-undergraduates/scholarships-fa/,Derived
Undergraduate Scholarships & Financial Aid,What is the Punjab Educational Endowment Fund (PEEF) Scholarship?,"A fully funded scholarship (10 seats) for Punjab-domiciled students with an annual family income of less than Rs. 720,000, applied for at the time of admission only.",https://giki.edu.pk/admissions/admissions-undergraduates/scholarships-fa/,Derived
Undergraduate Scholarships & Financial Aid,What is the eligibility for the PEEF scholarship in detail?,"Punjab domicile; at least 60% marks (first division) in Intermediate, enrolled in the same year the exam was passed; passed via a Punjab or Federal Board (government, private candidate, or affiliated private institution); and annual household family income not exceeding Rs. 720,000, along with meeting GIKI's own financial aid criteria.",https://giki.edu.pk/admissions/admissions-undergraduates/scholarships-fa/,Derived
Undergraduate Scholarships & Financial Aid,What is the PEL Scholarship at GIKI?,"A fully funded, merit-cum-need scholarship (1 seat) for a student admitted to the Faculty of Electrical Engineering (FEE), applied for after admission.",https://giki.edu.pk/admissions/admissions-undergraduates/scholarships-fa/,Derived
Undergraduate Scholarships & Financial Aid,Who is eligible for the Sindh Scholarship?,"Sindh-domiciled students with an annual family income of less than Rs. 1,200,000; 5 seats, fully funded, applied for after getting admission.",https://giki.edu.pk/admissions/admissions-undergraduates/scholarships-fa/,Derived
Undergraduate Scholarships & Financial Aid,How does the Financial Aid/Interest-Free Loan program work at GIKI?,"GIKI provides liberal financial assistance covering full or partial tuition fee as an interest-free loan to about 40-50 needy students each year. Applicants submit the financial assistance form with the admission form (Rs. 1,000 processing fee in addition to the Rs. 3,500 admission processing fee) and are informed of the outcome along with their admission offer.",https://giki.edu.pk/admissions/admissions-undergraduates/scholarships-fa/,Derived
Undergraduate Scholarships & Financial Aid,How is the GIKI financial aid loan repaid?,"It is returnable in easy six-monthly installments, starting one year after completion of graduation.",https://giki.edu.pk/admissions/admissions-undergraduates/scholarships-fa/,Derived
Undergraduate Scholarships & Financial Aid,What happens if a student is admitted on merit but their financial assistance request is not approved?,The student would be admitted on payment of the full tuition fee.,https://giki.edu.pk/admissions/admissions-undergraduates/scholarships-fa/,Derived
Undergraduate Scholarships & Financial Aid,What is the eligibility for the Chief Minister KP Scholarship?,"KP domicile; annual take-home salary (for salaried persons) not exceeding Rs. 600,000, or annual electricity bill (for non-salaried persons) not exceeding Rs. 50,000; 20 seats available, covering tuition fee only.",https://giki.edu.pk/admissions/admissions-undergraduates/scholarships-fa/,Derived
Undergraduate Scholarships & Financial Aid,Are undergraduate scholarships guaranteed to continue every year of study?,"No, continuation of scholarships depends on the student's satisfactory academic performance and the policies of the respective donor agency.",https://giki.edu.pk/admissions/admissions-undergraduates/scholarships-fa/,Derived
Undergraduate Scholarships & Financial Aid,Which scholarships can be applied for online before admission vs. after joining GIKI?,"PEEF, Chief Minister Khyber Pakhtunkhwa Scholarships, and the Financial Assistance (Interest Free Loan) can be applied for online at the time of admission; the remaining scholarships are applied for after joining the Institute.",https://giki.edu.pk/admissions/admissions-undergraduates/scholarships-fa/,Derived
Undergraduate Admissions Process & Dates,What are the important dates for GIKI undergraduate admissions (2026 cycle)?,"Application start: 15-Mar-2026; Application deadline: 15-June-2026; Last date for financial assistance documents: 20-June-2026; Admission Test: July 6-10, 2026; Merit List: July 21, 2026; Joining & Orientation: August 29-30, 2026; Commencement of Classes: August 31, 2026.",https://giki.edu.pk/admissions/admissions-undergraduates/,Derived
Undergraduate Admissions Process & Dates,How is undergraduate admission decided at GIKI?,"Admission is decided based on the candidate's prior educational achievements and their score in the admission test, which comprises multiple-choice questions based on Pakistani intermediate-level Physics and Mathematics.",https://giki.edu.pk/admissions/admissions-undergraduates/,Derived
Undergraduate Admissions Process & Dates,"Does GIKI have quotas, reserved seats, or an age limit for undergraduate admission?","No, there are no special quotas, reserved seats, or admission by donation, and no arbitrary age limit. The Institute is open to all persons regardless of sex, religion, color, creed, class, or domicile who are academically qualified.",https://giki.edu.pk/admissions/admissions-undergraduates/,Derived
Undergraduate Admissions Process & Dates,Does GIKI have hostel facilities for female students?,"Yes, GIKI has a girls' hostel with capacity for 120 students, including modern amenities, a gym, and a lady counselor to support female students on campus.",https://giki.edu.pk/admissions/admissions-undergraduates/,Derived
Undergraduate Admissions Process & Dates,What is the contact information for the GIKI Undergraduate Admission Office?,"GIK Institute, Topi, District Swabi, Khyber Pakhtunkhwa, Pakistan. Tel: (0938) 281026, 281014, 281017. Email: ugadmissions@giki.edu.pk.",https://giki.edu.pk/admissions/admissions-undergraduates/,Derived
Undergraduate Admissions Process & Dates,What does the undergraduate admission test cover?,"The test comprises multiple-choice questions based on Pakistani intermediate-level Physics, Mathematics, and English (for Engineering/Computing programs); Management Sciences applicants take the GIK Common Admissions Test (GCAT), which measures reading, writing, and mathematical skills.",https://giki.edu.pk/admissions/admissions-undergraduates/ugradhow-to-apply/,Derived
Undergraduate Admissions Process & Dates,Can a former GIKI student whose enrollment was cancelled re-apply for admission?,"Yes, such a student is allowed to appear in the admission test again. If selected, they are enrolled as a freshman in the first semester and may not receive credit for previously passed courses.",https://giki.edu.pk/admissions/admissions-undergraduates/ugradhow-to-apply/,Derived
Undergraduate Admissions Process & Dates,Can a current GIKI student switch faculties/programs?,"Yes, a student currently on the roll who wants to change faculty is allowed to appear in the admission test again; if selected, they will not be given credit for previously passed courses.",https://giki.edu.pk/admissions/admissions-undergraduates/ugradhow-to-apply/,Derived
Undergraduate Admissions Process & Dates,Where can I find the GIKI undergraduate admission test syllabus and sample papers?,"Separate syllabus and sample papers are available for the Engineering/Computing test and the Management Sciences test, downloadable from the Undergraduate Admission Test Syllabus page on the GIKI website.",https://giki.edu.pk/admissions/admissions-undergraduates/undergraduate-admission-test-syllabus/,Derived
Undergraduate Admissions Process & Dates,Is the undergraduate admission test held online or in person?,"The undergraduate admission test is held online, with applicants able to choose a test center according to their convenience; results are communicated online through the admission website.",https://giki.edu.pk/admissions/admissions-undergraduates/ugradhow-to-apply/,Derived
Graduate Admissions Process & Assistantship Schemes,What are the important dates for GIKI graduate (MS/PhD) admissions - Fall 2026?,"Application deadline: July 31, 2026; Admission Test (at GIK Institute): Aug 19, 2026; Interviews (online/physical): Aug 27, 2026 (tentative); Session starts: Sep 14, 2026 (tentative).",https://giki.edu.pk/how-to-apply,Derived
Graduate Admissions Process & Assistantship Schemes,What test score is needed for the Graduate Assistantship Scheme (MS & PhD)?,"A minimum of 70% in the GIKI Admission Test, HAT, or GRE.",https://giki.edu.pk/how-to-apply,Derived
Graduate Admissions Process & Assistantship Schemes,What test score is needed for the Day Scholar Scheme at the MS level?,"A minimum of 50% in the GIKI Admission Test, HAT, or GRE.",https://giki.edu.pk/how-to-apply,Derived
Graduate Admissions Process & Assistantship Schemes,What test score is needed for the Day Scholar Scheme at the PhD level?,"A minimum of 60% in the GIKI Admission Test, HAT, or GRE.",https://giki.edu.pk/how-to-apply,Derived
Graduate Admissions Process & Assistantship Schemes,What happens after a candidate passes the General Admission Test for graduate study?,They are called to appear in a Subject Test and Interview; the minimum passing score for the Subject Test is 60%.,https://giki.edu.pk/how-to-apply,Derived
Graduate Admissions Process & Assistantship Schemes,Where are the GIKI graduate General Admission Test and Subject Test/Interviews held?,"The General Admission Test is held in Islamabad, Peshawar, Lahore, Quetta, and Karachi; the Subject Test and Interviews are held at GIK Institute.",https://giki.edu.pk/how-to-apply,Derived
Graduate Admissions Process & Assistantship Schemes,"If I already have a HAT or GRE score, do I still need the Subject Test and Interview?","Yes. Candidates who already passed HAT or GRE with the required score are exempt from the GIKI General Test, but must still appear in the Subject Test and Interviews, and submit a copy of their HAT/GRE result card with the application.",https://giki.edu.pk/how-to-apply,Derived
Graduate Admissions Process & Assistantship Schemes,What are the requirements for intra-disciplinary (interdisciplinary) graduate admissions?,"Candidates must show strong interest in the interdisciplinary program, complete 6-9 credit hours of deficiency courses, obtain admission committee approval, meet standard admission requirements, and pass the GRE Subject/equivalent test with at least 50% marks in the discipline of admission.",https://giki.edu.pk/how-to-apply,Derived
Graduate Admissions Process & Assistantship Schemes,"How many graduate credit hours can be transferred with advanced standing, and under what conditions?","Up to 6 credit hours for PhD and 9 for MS, from a PEC-accredited and HEC-recognized institution, provided the work fits a logical degree program, is approved by the office of graduate studies, and a minimum grade of B was earned.",https://giki.edu.pk/how-to-apply,Derived
Graduate Admissions Process & Assistantship Schemes,What is the contact information for the GIKI Graduate Admissions Office?,"GIK Institute, Topi, District Swabi, Khyber Pakhtunkhwa, Pakistan. Tel: (0938) 281026, Ext. 2450. Email: gadmissions@giki.edu.pk.",https://giki.edu.pk/how-to-apply,Derived
Graduate Admissions Process & Assistantship Schemes,What benefits does the MS Graduate Assistantship Scheme (GA-1) provide?,"Full tuition fee waiver, a monthly stipend of Rs. 20,000, and free bachelor accommodation, for candidates with at least 60% in HSSC (or equivalent) and a minimum CGPA of 2.70 (or 70% marks) in BS/BS(Engg).",https://giki.edu.pk/admissions/admissions-graduate/grad-aid-scholarships/,Derived
Graduate Admissions Process & Assistantship Schemes,"What benefits does the MS Graduate Assistantship Scheme (GA-5, Deed Agreement) provide?","Full tuition fee waiver, a monthly stipend of Rs. 88,000, and free bachelor accommodation, with the same minimum eligibility as GA-1 (60% HSSC; CGPA 2.70/70% in BS).",https://giki.edu.pk/admissions/admissions-graduate/grad-aid-scholarships/,Derived
Graduate Admissions Process & Assistantship Schemes,What are the terms of the MS Day Scholar Scheme?,"Tuition fee of Rs. 50,000 per semester, with accommodation not covered; eligibility requires at least 60% in HSSC (or equivalent) and a minimum CGPA of 2.50 in BS/BS(Engg).",https://giki.edu.pk/admissions/admissions-graduate/grad-aid-scholarships/,Derived
Graduate Admissions Process & Assistantship Schemes,"What benefits does the PhD Graduate Assistantship Scheme (GA-6, Deed Agreement) provide?","Full tuition fee waiver, a monthly stipend of Rs. 158,000, and free bachelor accommodation, for candidates with at least 60% in HSSC, CGPA 2.70/70% in BS, and CGPA 3.00/75% in MS/MPhil.",https://giki.edu.pk/admissions/admissions-graduate/grad-aid-scholarships/,Derived
Graduate Admissions Process & Assistantship Schemes,What benefits does the PhD Graduate Assistantship Scheme (GA-4) provide?,"Full tuition fee waiver, a monthly stipend of Rs. 50,000, and free bachelor accommodation, with the same eligibility as GA-6 (60% HSSC; CGPA 2.70/70% BS; CGPA 3.00/75% MS/MPhil).",https://giki.edu.pk/admissions/admissions-graduate/grad-aid-scholarships/,Derived
Graduate Admissions Process & Assistantship Schemes,What are the terms of the PhD Day Scholar Scheme?,"Tuition fee of Rs. 50,000 per semester, accommodation not covered; eligibility requires 60% HSSC, CGPA 2.50/65% in BS, and CGPA 3.00/75% in MS/MPhil.",https://giki.edu.pk/admissions/admissions-graduate/grad-aid-scholarships/,Derived
Graduate Admissions Process & Assistantship Schemes,Do Graduate Assistants have to sign an agreement with the Institute?,"Yes, graduate assistants are required to assist faculty in teaching and research activities and to sign a service bond with the Institute at the time of admission.",https://giki.edu.pk/admissions/admissions-graduate/grad-aid-scholarships/,Derived
Graduate Admissions Process & Assistantship Schemes,What external scholarships are available for GIKI graduate students?,"The Punjab Educational Endowment Fund (PEEF) offers merit-cum-need scholarships for Punjab-domiciled candidates with family income under Rs. 30,000/month; the Frontier Education Foundation (FEF) offers merit-cum-need scholarships for KP-domiciled candidates with family income under Rs. 50,000/month. Both are applied for after joining the Institute.",https://giki.edu.pk/admissions/admissions-graduate/grad-aid-scholarships/,Derived
Graduate Admissions Process & Assistantship Schemes,Are all Fall 2026 graduate applicants automatically considered for assistantship schemes?,"Yes, all applicants for graduate admission for Fall 2026, including those who already applied, are automatically considered for the graduate assistantship schemes.",https://giki.edu.pk/admissions/admissions-graduate/grad-aid-scholarships/,Derived
Transfer & Credit Transfer Policy,What is GIKI's Advanced Standing transfer policy for undergraduate students?,"A student enrolled in a relevant Bachelor's engineering program at an accredited (PEC/HEC) institution, with 15 or more transferable credits and a minimum CGPA of 2.5 (on a 4.0 scale), may apply for admission with advanced standing.",https://giki.edu.pk/transfer-from-other-universities/,Derived
Transfer & Credit Transfer Policy,How many credits must a transfer student earn at GIKI to graduate?,"A minimum of 70 credits at GIK Institute, including 6 credits for the senior design project.",https://giki.edu.pk/transfer-from-other-universities/,Derived
Transfer & Credit Transfer Policy,Does a transfer applicant need to take the GIKI admission test?,"Yes. Applicants transferring from a local or foreign institution must pass the Institute's admission test, scoring at or above the minimum merit of the faculty they are seeking admission to.",https://giki.edu.pk/transfer-from-other-universities/,Derived
Transfer & Credit Transfer Policy,What determines whether a transfer request is accepted at GIKI?,Acceptance depends on seat availability and the quality of the academic work the applicant has already completed.,https://giki.edu.pk/transfer-from-other-universities/,Derived
Transfer & Credit Transfer Policy,Who should I contact for undergraduate vs. graduate transfer/admission queries?,"Undergraduate: ugadmissions@giki.edu.pk, Tel 0938-281026 (ext. 2301, 2342, 2349, 2354, 2518, 2595). Graduate: gadmissions@giki.edu.pk, Tel 0938-281026 (ext. 2450).",https://giki.edu.pk/transfer-from-other-universities/,Derived
Academic Policies & Grading,How is the GIKI academic year structured?,"An academic year has two regular 16-week semesters plus an 8-week summer school: Fall (August-December), Spring (January-May), and Summer (June-July). The last week of each semester is for final examinations, and there is normally a mid-semester break.",https://giki.edu.pk/academics/academic-setup/,Derived
Academic Policies & Grading,What is the normal and maximum duration to complete a GIKI undergraduate degree?,"The normal duration is 4 years, with a maximum allowed duration of 6 years.",https://giki.edu.pk/academics/academic-setup/,Derived
Academic Policies & Grading,What does a faculty advisor do at GIKI?,"Faculty advisors develop plans of study for their assigned students, monitor their academic records, and guide them on academic matters.",https://giki.edu.pk/academics/academic-setup/,Derived
Academic Policies & Grading,What does the GIKI Examinations Office handle?,"It works under the Controller of Examinations and is responsible for preparing timetables and date sheets, holding semester examinations, and maintaining/compiling results, result cards, transcripts, certificates, and degrees.",https://giki.edu.pk/academics/academic-setup/,Derived
Academic Policies & Grading,How are credit hours calculated for theory and lab courses at GIKI?,"For a theory course, one credit hour equals one contact hour of lecture per week. For a lab course, three contact hours of practical work per week equal one credit hour.",https://giki.edu.pk/academics/academic-setup/,Derived
Academic Policies & Grading,How many credit hours can a GIKI student register for in a semester?,"Normally 15-18 credit hours, with no exception for freshmen. In later years this may be relaxed based on CGPA/LSGPA and Dean approval, but the absolute maximum is 21 credit hours.",https://giki.edu.pk/academics/academic-setup/,Derived
Academic Policies & Grading,How many total credits are required to graduate with a GIKI Bachelor's degree?,"134 to 135 credits, depending on the faculty, with a minimum CGPA of 2.00 at graduation.",https://giki.edu.pk/academics/academic-setup/,Derived
Academic Policies & Grading,What are the major curriculum components of a GIKI Bachelor's degree?,"Foundational courses in Engineering Sciences (physics, chemistry, maths, intro engineering); Management Sciences and Humanities courses; Faculty (major) courses; Inter-Faculty courses; Technical Electives; a Final Year Project; and a Summer Internship.",https://giki.edu.pk/academics/academic-setup/,Derived
Academic Policies & Grading,What is the GIKI Final Year Project (FYP)?,"A 6-credit-hour project undertaken in the final year, chosen with the guidance of a faculty advisor, often oriented toward industry or government interests, completed and presented by the end of the eighth semester before final exams.",https://giki.edu.pk/academics/academic-setup/,Derived
Academic Policies & Grading,Is a summer internship mandatory at GIKI?,"Yes, every student must complete an 8-week practical training program during the summer of their junior year and submit a formal written report. GIKI helps arrange placements with reputed Pakistani and multinational organizations.",https://giki.edu.pk/academics/academic-setup/,Derived
Academic Policies & Grading,How are GIKI course codes structured?,"Course codes have two or three letters representing the major field (e.g., CS, EE, ME, MT, PH), followed by three digits: the first digit is the year offered, the next the broad course area, and the last the sequence number within that area/year.",https://giki.edu.pk/academics/academic-setup/,Derived
Academic Policies & Grading,How are GIKI students evaluated in a course?,"Through mid-semester tests, home assignments, quizzes, case studies, lab reports, vivas, and the end-of-semester examination; weightage is at the instructor's discretion, though the final exam usually carries 50% of the course weight.",https://giki.edu.pk/academics/academic-setup/,Derived
Academic Policies & Grading,What grades does GIKI use and what do they mean?,"Grades range from A (Excellent) through B (Good), C (Adequate), D (Minimum acceptable), to F (Failure - must repeat), plus I (Incomplete) and W (Withdrawn).",https://giki.edu.pk/academics/academic-setup/,Derived
Academic Policies & Grading,How are Grade Points per Credit (GPC) assigned at GIKI?,"A=4.00, A-=3.67, B+=3.33, B=3.00, B-=2.67, C+=2.33, C=2.00, C-=1.67, D+=1.33, D=1.00, F=0.00. I and W grades are not counted in GPA calculation.",https://giki.edu.pk/academics/academic-setup/,Derived
Academic Policies & Grading,What is the minimum semester GPA to remain in good academic standing at GIKI?,"2.00. Students are placed on academic probation if their semester GPA falls below 2.00, and are limited to registering for 10-13 credit hours while on probation.",https://giki.edu.pk/academics/academic-setup/,Derived
Academic Policies & Grading,What happens if a GIKI student's GPA stays below 2.00 for two consecutive semesters?,"They are given a warning for poor performance, and if it remains below 2.00 for two consecutive semesters (excluding summer), their name is removed from the roll of the Institute. Freshmen may, upon request, start afresh with no credit transfer if this happens in their first two semesters.",https://giki.edu.pk/academics/academic-setup/,Derived
Academic Policies & Grading,What is the deadline and process for late course registration at GIKI?,"The Controller of Examinations notifies the registration deadline before each semester. Late registration for valid reasons can be approved by the Pro-Rector (Academic) until the end of the third week of a semester, with a late fee charged per day.",https://giki.edu.pk/academics/academic-setup/,Derived
Academic Policies & Grading,How does GIKI's summer session work for students who fail or get a D grade?,"An 8-week summer session is offered for students who failed a course or received a D/D+ grade. Courses offered depend on student demand, are paid separately, and the maximum registration limit is 8 credit hours.",https://giki.edu.pk/academics/academic-setup/,Derived
Academic Policies & Grading,How does GIKI's Double Degree Program work?,"Graduates wishing to earn a degree in a different discipline can apply for a separate Double Degree Program, requiring an additional two or four semesters and a separate project, with acceptance and requirements determined by the respective Dean's office.",https://giki.edu.pk/academics/academic-setup/,Derived
Academic Policies & Grading,What is GIKI's minimum attendance requirement?,Students must attend at least 80% of the total lectures/lab work for each course to qualify to sit the final examination.,https://giki.edu.pk/academics/academic-setup/,Derived
Academic Policies & Grading,Can GIKI students add or drop courses after registering for a semester?,"Yes, with approval of their Dean and within prescribed procedures/time-limits. Courses dropped during this window do not appear on the semester result.",https://giki.edu.pk/academics/academic-setup/,Derived
Academic Policies & Grading,What happens if a student withdraws from a course at GIKI?,"Withdrawal is allowed with Dean approval between the 4th and 10th week of a semester, resulting in a W grade on the transcript. Withdrawal after the 10th week results in an F grade.",https://giki.edu.pk/academics/academic-setup/,Derived
Academic Policies & Grading,"When is an Incomplete (I) grade given at GIKI, and how is it resolved?","An I grade is given if a student misses the final exam for valid medical reasons, or has only a minor outstanding requirement due to circumstances beyond their control. The outstanding work must be completed in the first two weeks of the next semester, or the I grade converts to F.",https://giki.edu.pk/academics/academic-setup/,Derived
Academic Policies & Grading,Can GIKI students repeat a failed or low-graded course?,"Courses with an F grade (required for the degree) must be repeated in full, or substituted where a curriculum alternative exists. Courses with a D+/D grade can be repeated within 3 semesters; all attempts appear on the transcript, but only the latest grade counts toward CGPA.",https://giki.edu.pk/academics/academic-setup/,Derived
Academic Policies & Grading,What happens if a GIKI student interrupts their studies for more than one semester?,"Upon return, all previously earned credits are evaluated by the Dean for relevance to any curriculum changes, and the student's degree plan may need to be modified for compliance with the latest curriculum.",https://giki.edu.pk/academics/academic-setup/,Derived
Academic Policies & Grading,What is GIKI's Institute-Industry Partnership Programme?,"A program under which industry can join at various membership levels for access to students, faculty, research, publications, seminars, workshops, and conferences, along with recruiting assistance and a database of students seeking placements.",https://giki.edu.pk/academics/academic-setup/,Derived
Academic Policies & Grading,What is GIKI's Continuing Education Programme?,"Launched in summer 1995, it offers intensive short courses to engineers, managers, and supervisors from public and private sector industries to help update their technical knowledge and skills.",https://giki.edu.pk/academics/academic-setup/,Derived
Academic Policies & Grading,Can I request rechecking or re-totaling of my exam paper at GIKI?,"Yes, if a student is not satisfied with their grade in a course, they can apply for rechecking/re-totaling of the final paper on the prescribed form after paying the requisite fee.",https://giki.edu.pk/academics/office-of-admission-examination/,Derived
Academic Policies & Grading,What does the GIKI Office of Admission & Examination handle?,"Under the Director Admissions and Examinations, it prepares semester timetables and date sheets, holds semester examinations, maintains and compiles results, and issues degrees, transcripts, result cards, and language proficiency certificates.",https://giki.edu.pk/academics/office-of-admission-examination/,Derived
Academic Calendar,What are GIKI's three academic terms in a year?,"Fall semester (August to December), Spring semester (January to May), and an 8-week Summer school (June to July).",https://giki.edu.pk/academics/academic-calendar/,Derived
Academic Calendar,When are final examinations held in a GIKI semester?,"The last week of each 16-week regular semester is allocated to final examinations, with normally a mid-semester break earlier in the term.",https://giki.edu.pk/academics/academic-calendar/,Derived
Academic Calendar,Where can I find the detailed GIKI academic calendar for a given year?,The detailed academic calendar with specific dates is published on the GIKI website's Academic Calendar page under the Academics section.,https://giki.edu.pk/academics/academic-calendar/,Derived
Campus Life & Facilities,Does GIKI provide transportation for students?,"Yes, GIKI provides transportation services to students and employees, including shuttle service to and from Peshawar and Islamabad on Fridays, Saturdays, and Sundays.",https://giki.edu.pk/campus-life/,Derived
Campus Life & Facilities,Is parking available on the GIKI campus?,"Yes, parking is available 24 hours a day with round-the-clock security.",https://giki.edu.pk/campus-life/,Derived
Campus Life & Facilities,What library facilities are available to GIKI students?,"The Central Library is a three-story building with books, eBooks, journals and e-journals, and audiovisual materials. It provides 18 hours of daily access (open around the clock during exams), Wi-Fi, a furnished seminar room, air conditioning, desktop access to e-databases, and inter-library loan links with other science and technology institutions in Pakistan.",https://giki.edu.pk/library/,Derived
Campus Life & Facilities,Does the GIKI library offer online catalog access?,"Yes, the library maintains its own portal (Library Portal) and an Online Public Access Catalog for browsing collections and Digital Library access.",https://giki.edu.pk/library/,Derived
Campus Life & Facilities,Who can I contact for library-related queries at GIKI?,"The library staff can be reached via the Assistant Librarian and Library Assistants listed on the GIKI Library page, with contact emails and phone extensions provided.",https://giki.edu.pk/library/,Derived
Campus Life & Facilities,What does the GIKI Student Affairs Office do?,"It serves as a liaison between students, faculty, and administration, overseeing student counseling, hostel residence, student societies, and discipline, and works to enhance student life both inside and outside the classroom, under the Dean Student Affairs.",https://giki.edu.pk/academics/student-affairs/,Derived
Campus Life & Facilities,"Who can GIKI students approach for personal, academic, or emotional support on campus?","The Student Affairs Office, which has a full-time Deputy Director Student Affairs available for counseling and guidance on any problem a student may encounter - academic, personal, or emotional.",https://giki.edu.pk/academics/student-affairs/,Derived
Campus Life & Facilities,Does the GIKI Student Affairs Office support co-curricular activities?,"Yes, it provides proactive support and capacity building for co-curricular activities, including forums for literary and artistic interests and outlets in sports and games.",https://giki.edu.pk/academics/student-affairs/,Derived
"About GIKI (Vision, History & General Info)",What is GIKI's vision?,"To play an inspiring role in imparting high-quality education and research in engineering, sciences, emerging technologies, and other disciplines.",https://giki.edu.pk/vision-and-mission/,Derived
"About GIKI (Vision, History & General Info)",What is GIKI's mission?,"To provide an excellent teaching and research environment that produces graduates distinguished by professional competence, research, entrepreneurship, a humanistic outlook, ethical rectitude, a pragmatic approach to problem-solving, and managerial skills, serving as the vanguard of techno-industrial transformation of society.",https://giki.edu.pk/vision-and-mission/,Derived
"About GIKI (Vision, History & General Info)",When was GIKI established and when did the first batch of students join?,"GIKI's parent body, SOPREST, was registered in June 1988. Civil works began in 1990, the Institute's ordinance was promulgated in March 1993, and the first batch of students joined in October 1993.",https://giki.edu.pk/institute/,Derived
"About GIKI (Vision, History & General Info)",Who founded GIKI and why?,"The idea originated with Mr. Ghulam Ishaq Khan, who recognized Pakistan's dependence on foreign expertise and imported technology, and envisioned a center of excellence in engineering sciences comparable to advanced-country institutions. The Benevolent Community Care and Infaq Foundation donated Rs. 50 million in December 1985 to set up the Institute in Khyber Pakhtunkhwa.",https://giki.edu.pk/institute/,Derived
"About GIKI (Vision, History & General Info)",Is GIKI a public or private institute?,GIKI is autonomous and privately funded - the first privately-funded institute of its kind in Pakistan.,https://giki.edu.pk/institute/,Derived
"About GIKI (Vision, History & General Info)","When did GIKI graduate its first batch, and when did the graduate program start?","The first batch graduated in 1997. The Graduate (MS/PhD) program started in 2001, with the first batch of MS graduates in 2003.",https://giki.edu.pk/institute/,Derived
"About GIKI (Vision, History & General Info)",How many PhD faculty members does GIKI have?,"As of the Institute overview page, GIKI has 58 PhD faculty members, 38 research associates, and 45 engineers/programmers/research officers.",https://giki.edu.pk/institute/,Derived
"About GIKI (Vision, History & General Info)",What is the medium of instruction at GIKI?,English.,https://giki.edu.pk/institute/,Derived
"About GIKI (Vision, History & General Info)",How many student societies and clubs are active at GIKI?,"Over 24 student societies are active, including ACM, Adventure Club, AIAA, ASME, CDES, GEAS, GIK Sports Society, Horizon (student publication), IEEE, Literary and Debating Society, Media Club, Naqsh (Arts Society), Netronix, Science Society, SPIE, TMS/ASM, and Women Engineers Society (WES), among others.",https://giki.edu.pk/institute/,Derived
"About GIKI (Vision, History & General Info)",What is Project Topi at GIKI?,A student-led charity project focused on the uplift of the local community surrounding the GIK Institute campus.,https://giki.edu.pk/institute/,Derived
"About GIKI (Vision, History & General Info)",How large is the GIKI campus and how was the land acquired?,"The campus sits on 216 acres of land donated by the Government of Khyber Pakhtunkhwa; total capital outlay to date is over Rs. 2.5 billion, funded partly by a Rs. 750 million donation from the Infaq Foundation.",https://giki.edu.pk/institute/,Derived
IT Facilities & Digital Campus,What internet and network facilities does GIKI provide to students?,"GIKI offers 24/7 connectivity via two ISPs (PERN and PTCL), wired and wireless gigabit connectivity campus-wide, fiber-linked buildings, and over 400 Wi-Fi access points covering classrooms, libraries, hostels, and outdoor areas.",https://giki.edu.pk/it/,Derived
IT Facilities & Digital Campus,Does GIKI have High-Performance Computing (HPC) facilities?,"Yes, the HPC Facility in the Data Center provides 160 CPU cores, 1,024 GPU cores, 640 GB RAM, and a 10 Gbps Ethernet interconnection for computationally intensive research and data analytics.",https://giki.edu.pk/it/,Derived
IT Facilities & Digital Campus,Does GIKI have a dedicated AI research lab?,"Yes, a state-of-the-art Artificial Intelligence Laboratory with GPU-based workstations and locally deployed AI models supports research in machine learning, deep learning, NLP, computer vision, and generative AI.",https://giki.edu.pk/it/,Derived
IT Facilities & Digital Campus,What smart-campus systems does GIKI use for academics and administration?,"A Learning Management System (LMS) for course materials and online assessments, a Campus Management System (CMS) for student records/enrollment/attendance, an Enterprise Resource Planning (ERP) system for finance/procurement/HR, and an Online Transport Management System for booking bus seats to Islamabad, Peshawar, and Abbottabad.",https://giki.edu.pk/it/,Derived
IT Facilities & Digital Campus,Does GIKI have smart classrooms?,"Yes, GIKI's main lecture halls feature interactive digital boards, AI-powered tracking cameras, and lecture recording/capture systems, enabling blended on-campus and remote attendance.",https://giki.edu.pk/it/,Derived
IT Facilities & Digital Campus,What licensed software is available to GIKI students and faculty?,"Through the PERN Education Program, students and faculty have access to Microsoft Windows, Microsoft Office 365, Azure Dev Tools for Education, and Microsoft Learning Paths in software development, databases, and AI/data science.",https://giki.edu.pk/it/,Derived
IT Facilities & Digital Campus,How can I contact the GIKI IT Helpdesk?,"The IT Helpdesk is located on the 1st floor of the New Academic Block, operates 8:00 a.m. to 5:00 p.m., and can be reached by dialing 6-2010 from within GIK or by emailing ithelpdesk@giki.edu.pk.",https://giki.edu.pk/it/,Derived
IT Facilities & Digital Campus,Does GIKI provide access to a digital library of e-books and journals?,"Yes, via the HEC National Digital Library program (around 75,000 electronic resources) and GIKI's own e-book collection covering computer science, engineering, mechanical and electronic engineering, and humanities/management sciences, plus faculty publications, FYP reports, and PhD theses available online.",https://giki.edu.pk/it/,Derived
Contact Information & Campus Departments,What is the official mailing address and phone number for GIK Institute?,"GIK Institute of Engineering Sciences and Technology, Topi 23640, District Swabi, Khyber Pakhtunkhwa, Pakistan. Telephone (exchange): +92 938 281026.",https://giki.edu.pk/contact-us/,Derived
Contact Information & Campus Departments,What are GIKI's general office hours?,"Monday to Friday, 8:00 AM to 5:00 PM (Pakistan Standard Time).",https://giki.edu.pk/contact-us/,Derived
Contact Information & Campus Departments,Who do I contact for hostel-related matters at GIKI?,"The Hostel Management office, headed by the Manager Hostels, handles hostel matters; there is also a dedicated Girls Hostel Supervisor and a Central Mess Supervisor for dining/mess arrangements.",https://giki.edu.pk/contact-us/,Derived
Contact Information & Campus Departments,Does GIKI have on-campus medical facilities?,"Yes, the GIK Medical Centre has an Incharge Medical Officer and additional Medical Officers available for students, faculty, and staff.",https://giki.edu.pk/contact-us/,Derived
Contact Information & Campus Departments,Does GIKI have a student wellness counselor?,"Yes, the Student Affairs Department includes a Student Wellness Counselor available to students, alongside the Dean of Student Affairs and the Deputy Director Student Affairs.",https://giki.edu.pk/contact-us/,Derived
Contact Information & Campus Departments,Is there a school for children of GIKI staff/faculty on campus?,"Yes, GIK College operates on campus under a Principal, serving as an educational facility associated with the Institute community.",https://giki.edu.pk/contact-us/,Derived
Contact Information & Campus Departments,What is the GIKI Quality Enhancement Cell (QEC) responsible for?,"QEC leads self-assessment and program review processes (e.g., for BS and graduate programs) in line with HEC's Quality Assurance framework, coordinating external expert review visits to maintain academic quality standards.",https://giki.edu.pk/quality-enhancement-cell/,Derived
